sch123456;7;ias07/sch123456/7/w56w97;1.0;1.0022021011643371e+17;372575.0;Ошибка браузера
sch123456;7;ias07/sch123456/7/g5w8q7;1.0;100220210116343177;372695;Не прошел олимпиаду
sch123456;7;ias07/sch123456/7/w584r5;;;;
sch123456;7;ias07/sch123456/7/974965;;;;
sch123456;7;ias07/sch123456/7/97g885;;;;
sch123456;7;ias07/sch123456/7/z7zz67;;;;
sch123456;7;ias07/sch123456/7/373387;;;;
sch123456;7;ias07/sch123456/7/359rg7;;;;
sch123456;7;ias07/sch123456/7/z526g5;;;;
sch123456;7;ias07/sch123456/7/87vr67;;;;
sch123456;7;ias07/sch123456/7/q7q645;;;;
sch123456;7;ias07/sch123456/7/q7rwv5;;;;
sch123456;7;ias07/sch123456/7/w56g97;;;;
sch123456;7;ias07/sch123456/7/g5w3q5;;;;
sch123456;7;ias07/sch123456/7/w583r7;;;;
sch123456;7;ias07/sch123456/7/974867;;;;
sch123456;7;ias07/sch123456/7/97gr85;;;;
sch123456;7;ias07/sch123456/7/z7z667;;;;
sch123456;7;ias07/sch123456/7/373w87;;;;
sch123456;7;ias07/sch123456/7/3599g5;;;;
sch123456;7;ias07/sch123456/7/z52rg5;;;;
sch123456;7;ias07/sch123456/7/87vv67;;;;
sch123456;7;ias07/sch123456/7/q7qg47;;;;
sch123456;7;ias07/sch123456/7/q7rzv7;;;;
sch123456;7;ias07/sch123456/7/w56z95;;;;
sch123456;7;ias07/sch123456/7/g5w6q7;;;;
sch123456;7;ias07/sch123456/7/7rrvv7;;;;
sch123456;7;ias07/sch123456/7/w589r7;;;;
sch123456;7;ias07/sch123456/7/974467;;;;
sch123456;7;ias07/sch123456/7/97gg87;;;;
sch123456;7;ias07/sch123456/7/z7z467;;;;
sch123456;7;ias07/sch123456/7/373885;;;;
sch123456;7;ias07/sch123456/7/3592g7;;;;
sch123456;7;ias07/sch123456/7/z52wg7;;;;
sch123456;7;ias07/sch123456/7/87vz67;;;;
sch123456;7;ias07/sch123456/7/q7q347;;;;
sch123456;7;ias07/sch123456/7/q7r2v7;;;;
sch123456;7;ias07/sch123456/7/w56v95;;;;
sch123456;7;ias07/sch123456/7/g5w9q5;;;;
sch123456;7;ias07/sch123456/7/w588r5;;;;
sch123456;7;ias07/sch123456/7/56q297;;;;
sch123456;7;ias07/sch123456/7/974z67;;;;
sch123456;7;ias07/sch123456/7/97g285;;;;
sch123456;7;ias07/sch123456/7/z7z867;;;;
sch123456;7;ias07/sch123456/7/373485;;;;
sch123456;7;ias07/sch123456/7/359gg5;;;;
sch123456;7;ias07/sch123456/7/524gg5;;;;
sch123456;7;ias07/sch123456/7/7v6967;;;;
sch123456;7;ias07/sch123456/7/7q8r45;;;;
sch123456;7;ias07/sch123456/7/5w2vq7;;;;
sch123456;7;ias07/sch123456/7/7rrgv7;;;;
sch123456;7;ias07/sch123456/7/56qr97;;;;
sch123456;7;ias07/sch123456/7/5w2wq7;;;;
sch123456;7;ias07/sch123456/7/582zr5;;;;
sch123456;7;ias07/sch123456/7/743r65;;;;
sch123456;7;ias07/sch123456/7/7gz385;;;;
sch123456;7;ias07/sch123456/7/7z2g67;;;;
sch123456;7;ias07/sch123456/7/73zg85;;;;
sch123456;7;ias07/sch123456/7/598vg7;;;;
sch123456;7;ias07/sch123456/7/5244g5;;;;
sch123456;7;ias07/sch123456/7/7v6667;;;;
sch123456;7;ias07/sch123456/7/7q8845;;;;
sch123456;7;ias07/sch123456/7/7rrrv7;;;;
sch123456;7;ias07/sch123456/7/56qq97;;;;
sch123456;7;ias07/sch123456/7/582qr5;;;;
sch123456;7;ias07/sch123456/7/5w22q7;;;;
sch123456;7;ias07/sch123456/7/5822r5;;;;
sch123456;7;ias07/sch123456/7/743365;;;;
sch123456;7;ias07/sch123456/7/7gzz85;;;;
sch123456;7;ias07/sch123456/7/7z2267;;;;
sch123456;7;ias07/sch123456/7/73zz85;;;;
sch123456;7;ias07/sch123456/7/5988g7;;;;
sch123456;7;ias07/sch123456/7/5249g5;;;;
sch123456;7;ias07/sch123456/7/7v6267;;;;
sch123456;7;ias07/sch123456/7/7q8445;;;;
sch123456;7;ias07/sch123456/7/7rr4v7;;;;
sch123456;7;ias07/sch123456/7/56q497;;;;
sch123456;7;ias07/sch123456/7/5w2rq7;;;;
sch123456;7;ias07/sch123456/7/582wr5;;;;
sch123456;7;ias07/sch123456/7/743w65;;;;
sch123456;7;ias07/sch123456/7/7gz685;;;;
sch123456;7;ias07/sch123456/7/7z2w67;;;;
sch123456;7;ias07/sch123456/7/73z685;;;;
sch123456;7;ias07/sch123456/7/5986g7;;;;
sch123456;7;ias07/sch123456/7/524vg5;;;;
sch123456;7;ias07/sch123456/7/7v6q67;;;;
sch123456;7;ias07/sch123456/7/7q8v45;;;;
sch123456;7;ias07/sch123456/7/743v65;;;;
sch123456;7;ias07/sch123456/7/7gz985;;;;
sch123456;7;ias07/sch123456/7/7z2967;;;;
sch123456;7;ias07/sch123456/7/73zv85;;;;
sch123456;7;ias07/sch123456/7/598qg7;;;;
sch123456;7;ias07/sch123456/7/5243g5;;;;
sch123456;7;ias07/sch123456/7/7v6867;;;;
sch123456;7;ias07/sch123456/7/7q8w45;;;;
sch123456;7;ias07/sch123456/7/7rr8v7;;;;
sch123456;7;ias07/sch123456/7/56q997;;;;
sch123456;7;ias07/sch123456/7/5w24q7;;;;
sch123456;7;ias07/sch123456/7/5826r5;;;;
sch123456;7;ias07/sch123456/7/743265;;;;
sch123456;7;ias07/sch123456/7/56q9w7;;;;
sch123456;7;ias07/sch123456/7/g5w274;;;;
sch123456;7;ias07/sch123456/7/w58w72;;;;
sch123456;7;ias07/sch123456/7/974v72;;;;
sch123456;7;ias07/sch123456/7/97g45r;;;;
sch123456;7;ias07/sch123456/7/z7zq5v;;;;
sch123456;7;ias07/sch123456/7/373r5w;;;;
sch123456;7;ias07/sch123456/7/359z79;;;;
sch123456;7;ias07/sch123456/7/z52z5q;;;;
sch123456;7;ias07/sch123456/7/87vr76;;;;
sch123456;7;ias07/sch123456/7/q7qg7v;;;;
sch123456;7;ias07/sch123456/7/q7r279;;;;
sch123456;7;ias07/sch123456/7/w56qr7;;;;
sch123456;7;ias07/sch123456/7/g5w227;;;;
sch123456;7;ias07/sch123456/7/w582w5;;;;
sch123456;7;ias07/sch123456/7/9743v5;;;;
sch123456;7;ias07/sch123456/7/97gz45;;;;
sch123456;7;ias07/sch123456/7/z7z2q7;;;;
sch123456;7;ias07/sch123456/7/373zr5;;;;
sch123456;7;ias07/sch123456/7/3598z7;;;;
sch123456;7;ias07/sch123456/7/z524z5;;;;
sch123456;7;ias07/sch123456/7/87v6r7;;;;
sch123456;7;ias07/sch123456/7/q7q8g5;;;;
sch123456;7;ias07/sch123456/7/q7rr27;;;;
sch123456;7;ias07/sch123456/7/w564r5;;;;
sch123456;7;ias07/sch123456/7/g5wr27;;;;
sch123456;7;ias07/sch123456/7/w58ww7;;;;
sch123456;7;ias07/sch123456/7/974wv5;;;;
sch123456;7;ias07/sch123456/7/97g645;;;;
sch123456;7;ias07/sch123456/7/z7zwq5;;;;
sch123456;7;ias07/sch123456/7/3736r5;;;;
sch123456;7;ias07/sch123456/7/3596z7;;;;
sch123456;7;ias07/sch123456/7/z529z7;;;;
sch123456;7;ias07/sch123456/7/87v2r7;;;;
sch123456;7;ias07/sch123456/7/q7q4g5;;;;
sch123456;7;ias07/sch123456/7/q7r427;;;;
sch123456;7;ias07/sch123456/7/w562r5;;;;
sch123456;7;ias07/sch123456/7/g5wv27;;;;
sch123456;7;ias07/sch123456/7/w58qw7;;;;
sch123456;7;ias07/sch123456/7/974vv7;;;;
sch123456;7;ias07/sch123456/7/97g947;;;;
sch123456;7;ias07/sch123456/7/z7z9q5;;;;
sch123456;7;ias07/sch123456/7/373vr5;;;;
sch123456;7;ias07/sch123456/7/359qz5;;;;
sch123456;7;ias07/sch123456/7/z52vz5;;;;
sch123456;7;ias07/sch123456/7/87vqr5;;;;
sch123456;7;ias07/sch123456/7/q7qvg5;;;;
sch123456;7;ias07/sch123456/7/q7rv27;;;;
sch123456;7;ias07/sch123456/7/w569r7;;;;
sch123456;7;ias07/sch123456/7/g5w427;;;;
sch123456;7;ias07/sch123456/7/w586w5;;;;
sch123456;7;ias07/sch123456/7/9742v7;;;;
sch123456;7;ias07/sch123456/7/97g445;;;;
sch123456;7;ias07/sch123456/7/z7z3q5;;;;
sch123456;7;ias07/sch123456/7/3739r7;;;;
sch123456;7;ias07/sch123456/7/359wz5;;;;
sch123456;7;ias07/sch123456/7/z523z7;;;;
sch123456;7;ias07/sch123456/7/87v8r7;;;;
sch123456;7;ias07/sch123456/7/q7qwg7;;;;
sch123456;7;ias07/sch123456/7/q7r827;;;;
sch123456;7;ias07/sch123456/7/w563r7;;;;
sch123456;7;ias07/sch123456/7/g5wq25;;;;
sch123456;7;ias07/sch123456/7/w58vw5;;;;
sch123456;7;ias07/sch123456/7/974qv5;;;;
sch123456;7;ias07/sch123456/7/97gq47;;;;
sch123456;7;ias07/sch123456/7/z7zqq5;;;;
sch123456;7;ias07/sch123456/7/373qr7;;;;
sch123456;7;ias07/sch123456/7/3593z5;;;;
sch123456;7;ias07/sch123456/7/z52qz7;;;;
sch123456;7;ias07/sch123456/7/87v3r5;;;;
sch123456;7;ias07/sch123456/7/q7q2g5;;;;
sch123456;7;ias07/sch123456/7/q7r925;;;;
sch123456;7;ias07/sch123456/7/w566r5;;;;
sch123456;7;ias07/sch123456/7/g5wz27;;;;
sch123456;7;ias07/sch123456/7/w58rw5;;;;
sch123456;7;ias07/sch123456/7/974gv5;;;;
sch123456;7;ias07/sch123456/7/97gw47;;;;
sch123456;7;ias07/sch123456/7/z7zrq7;;;;
sch123456;7;ias07/sch123456/7/373rr5;;;;
sch123456;7;ias07/sch123456/7/3594z7;;;;
sch123456;7;ias07/sch123456/7/z528z5;;;;
sch123456;7;ias07/sch123456/7/87vgr5;;;;
sch123456;7;ias07/sch123456/7/q7q9g7;;;;
sch123456;7;ias07/sch123456/7/q7r627;;;;
sch123456;7;ias07/sch123456/7/w568r5;;;;
sch123456;7;ias07/sch123456/7/g5wg25;;;;
sch123456;7;ias07/sch123456/7/w58gw7;;;;
sch123456;7;ias07/sch123456/7/9746v7;;;;
sch123456;7;ias07/sch123456/7/97gv45;;;;
sch123456;7;ias07/sch123456/7/z7zvq7;;;;
sch123456;7;ias07/sch123456/7/3732r5;;;;
sch123456;7;ias07/sch123456/7/359zz7;;;;
sch123456;7;ias07/sch123456/7/z522z5;;;;
sch123456;7;ias07/sch123456/7/87v4r7;;;;
sch123456;7;ias07/sch123456/7/q7qzg5;;;;
sch123456;7;ias07/sch123456/7/q7r325;;;;
sch123456;7;ias07/sch123456/7/w56wr7;;;;
sch123456;7;ias07/sch123456/7/g5w827;;;;
sch123456;7;ias07/sch123456/7/w584w5;;;;
sch123456;7;ias07/sch123456/7/9749v5;;;;
